{
	"id": "bc3b1a43-784a-428a-9bc7-d7302def036f",
	"name": "CRM PROD - CRM1",
	"values": [
		{
			"key": "url",
			"value": "https://crm.ascentis.com.sg/MatrixCRM2Apis/APIsCommandService.asmx",
			"enabled": true
		},
		{
			"key": "url_sv",
			"value": "",
			"enabled": true
		},
		{
			"key": "auth_url",
			"value": "https://crm.ascentis.com.sg/APIsWrapperIdentity/connect/token",
			"enabled": true
		},
		{
			"key": "url_wrapper",
			"value": "https://crm.ascentis.com.sg/APIsWrapperGateway/apiv1",
			"enabled": true
		},
		{
			"key": "DATAFILE",
			"value": "",
			"enabled": true
		},
		{
			"key": "user_string",
			"value": "",
			"enabled": true
		},
		{
			"key": "pwd_string",
			"value": "",
			"enabled": true
		},
		{
			"key": "db",
			"value": "",
			"enabled": true
		},
		{
			"key": "memberID",
			"value": "",
			"enabled": true
		},
		{
			"key": "GENERATED",
			"value": "",
			"enabled": true
		},
		{
			"key": "timestamp",
			"value": "",
			"enabled": true
		},
		{
			"key": "timestamp_run",
			"value": "",
			"enabled": true
		},
		{
			"key": "month_day",
			"value": "",
			"enabled": true
		},
		{
			"key": "access_token",
			"value": "",
			"enabled": true
		},
		{
			"key": "cardNo",
			"value": "",
			"enabled": true
		},
		{
			"key": "salesTransTime",
			"value": "",
			"enabled": true
		},
		{
			"key": "transtime",
			"value": "",
			"enabled": true
		},
		{
			"key": "rnum",
			"value": "",
			"enabled": true
		},
		{
			"key": "user_b64",
			"value": "",
			"enabled": true
		},
		{
			"key": "pwd_b64",
			"value": "",
			"enabled": true
		}
	],
	"_postman_variable_scope": "environment",
	"_postman_exported_at": "2021-07-19T09:17:15.348Z",
	"_postman_exported_using": "Postman/8.8.0"
}