{
	"id": "8c6f13f2-576c-456d-abda-5a4615fb2db4",
	"name": "CRM PROD - CRM7",
	"values": [
		{
			"key": "url",
			"value": "https://crm7.ascentis.com.sg/MatrixAPIs/APIsCommandService.asmx",
			"enabled": true
		},
		{
			"key": "url_sv",
			"value": "",
			"enabled": true
		},
		{
			"key": "auth_url",
			"value": "https://crm7.ascentis.com.sg/APIsWrapperIdentity/connect/token",
			"enabled": true
		},
		{
			"key": "url_wrapper",
			"value": "https://crm7.ascentis.com.sg/APIsWrapperGateway/apiv1",
			"enabled": true
		},
		{
			"key": "DATAFILE",
			"value": "",
			"enabled": true
		},
		{
			"key": "user_string",
			"value": "",
			"enabled": true
		},
		{
			"key": "pwd_string",
			"value": "",
			"enabled": true
		},
		{
			"key": "db",
			"value": "",
			"enabled": true
		},
		{
			"key": "memberID",
			"value": "",
			"enabled": true
		},
		{
			"key": "GENERATED",
			"value": "",
			"enabled": true
		},
		{
			"key": "user_b64",
			"value": "",
			"enabled": true
		},
		{
			"key": "pwd_b64",
			"value": "",
			"enabled": true
		},
		{
			"key": "timestamp",
			"value": "",
			"enabled": true
		},
		{
			"key": "timestamp_run",
			"value": "",
			"enabled": true
		},
		{
			"key": "month_day",
			"value": "",
			"enabled": true
		},
		{
			"key": "access_token",
			"value": "",
			"enabled": true
		},
		{
			"key": "cardNo",
			"value": "",
			"enabled": true
		},
		{
			"key": "salesTransTime",
			"value": "",
			"enabled": true
		},
		{
			"key": "transtime",
			"value": "",
			"enabled": true
		},
		{
			"key": "rnum",
			"value": "",
			"enabled": true
		}
	],
	"_postman_variable_scope": "environment",
	"_postman_exported_at": "2021-07-19T09:18:10.479Z",
	"_postman_exported_using": "Postman/8.8.0"
}