{
	"id": "da3ef49a-d7e0-41af-90d6-0b08f97eb4b7",
	"name": "CRM PROD - CRM6",
	"values": [
		{
			"key": "url",
			"value": "https://crm6.ascentis.com.sg/MatrixApis/APIsCommandService.asmx",
			"enabled": true
		},
		{
			"key": "url_sv",
			"value": "https://crm6.ascentis.com.sg/matrixSVapis/APIsCommandService.asmx",
			"enabled": true
		},
		{
			"key": "auth_url",
			"value": "https://crm6.ascentis.com.sg/APIsWrapperIdentity/connect/token",
			"enabled": true
		},
		{
			"key": "url_wrapper",
			"value": "https://crm6.ascentis.com.sg/APIsWrapperGateway/apiv1",
			"enabled": true
		},
		{
			"key": "DATAFILE",
			"value": "",
			"enabled": true
		},
		{
			"key": "user_string",
			"value": "",
			"enabled": true
		},
		{
			"key": "pwd_string",
			"value": "",
			"enabled": true
		},
		{
			"key": "db",
			"value": "",
			"enabled": true
		},
		{
			"key": "memberID",
			"value": "",
			"enabled": true
		},
		{
			"key": "GENERATED",
			"value": "",
			"enabled": true
		},
		{
			"key": "timestamp",
			"value": "",
			"enabled": true
		},
		{
			"key": "timestamp_run",
			"value": "",
			"enabled": true
		},
		{
			"key": "month_day",
			"value": "",
			"enabled": true
		},
		{
			"key": "access_token",
			"value": "",
			"enabled": true
		},
		{
			"key": "cardNo",
			"value": "",
			"enabled": true
		},
		{
			"key": "salesTransTime",
			"value": "",
			"enabled": true
		},
		{
			"key": "transtime",
			"value": "",
			"enabled": true
		},
		{
			"key": "rnum",
			"value": "",
			"enabled": true
		},
		{
			"key": "user_b64",
			"value": "",
			"enabled": true
		},
		{
			"key": "pwd_b64",
			"value": "",
			"enabled": true
		},
		{
			"key": "reqToEncode",
			"value": "",
			"enabled": true
		},
		{
			"key": "checkSum",
			"value": "",
			"enabled": true
		},
		{
			"key": "voidtransTime",
			"value": "",
			"enabled": true
		}
	],
	"_postman_variable_scope": "environment",
	"_postman_exported_at": "2021-07-16T10:33:51.765Z",
	"_postman_exported_using": "Postman/8.8.0"
}